datetime_beginning_utc,datetime_beginning_ept,datetime_ending_utc,datetime_ending_ept,tie_line,actual_flow,sched_flow,inadv_flow
2014-11-03 05:00:00,2014-11-03 00:00:00,2014-11-03 06:00:00,2014-11-03 01:00:00,ALTE,-1072.0,-525.0,-547.0
2014-11-03 05:00:00,2014-11-03 00:00:00,2014-11-03 06:00:00,2014-11-03 01:00:00,ALTW,-201.0,0.0,-201.0
2014-11-03 05:00:00,2014-11-03 00:00:00,2014-11-03 06:00:00,2014-11-03 01:00:00,AMIL,1629.0,116.0,1513.0
2014-11-03 05:00:00,2014-11-03 00:00:00,2014-11-03 06:00:00,2014-11-03 01:00:00,CIN,-1172.0,-190.0,-982.0
2014-11-03 05:00:00,2014-11-03 00:00:00,2014-11-03 06:00:00,2014-11-03 01:00:00,CPLE,522.0,0.0,522.0
2014-11-03 05:00:00,2014-11-03 00:00:00,2014-11-03 06:00:00,2014-11-03 01:00:00,CPLW,-193.0,0.0,-193.0
2014-11-03 05:00:00,2014-11-03 00:00:00,2014-11-03 06:00:00,2014-11-03 01:00:00,CWLP,-63.0,0.0,-63.0
2014-11-03 05:00:00,2014-11-03 00:00:00,2014-11-03 06:00:00,2014-11-03 01:00:00,DUK,19.0,-370.0,389.0
2014-11-03 05:00:00,2014-11-03 00:00:00,2014-11-03 06:00:00,2014-11-03 01:00:00,HUDS,0.0,0.0,0.0
2014-11-03 05:00:00,2014-11-03 00:00:00,2014-11-03 06:00:00,2014-11-03 01:00:00,IPL,-432.0,-70.0,-362.0
2014-11-03 05:00:00,2014-11-03 00:00:00,2014-11-03 06:00:00,2014-11-03 01:00:00,LAGN,0.0,1052.0,-1052.0
2014-11-03 05:00:00,2014-11-03 00:00:00,2014-11-03 06:00:00,2014-11-03 01:00:00,LGEE,338.0,296.0,42.0
2014-11-03 05:00:00,2014-11-03 00:00:00,2014-11-03 06:00:00,2014-11-03 01:00:00,LIND,-124.0,-124.0,0.0
2014-11-03 05:00:00,2014-11-03 00:00:00,2014-11-03 06:00:00,2014-11-03 01:00:00,MEC,-382.0,-648.0,266.0
2014-11-03 05:00:00,2014-11-03 00:00:00,2014-11-03 06:00:00,2014-11-03 01:00:00,MECS,-1014.0,-1000.0,-14.0
2014-11-03 05:00:00,2014-11-03 00:00:00,2014-11-03 06:00:00,2014-11-03 01:00:00,NEPT,-649.0,-649.0,0.0
2014-11-03 05:00:00,2014-11-03 00:00:00,2014-11-03 06:00:00,2014-11-03 01:00:00,NIPS,-935.0,0.0,-935.0
2014-11-03 05:00:00,2014-11-03 00:00:00,2014-11-03 06:00:00,2014-11-03 01:00:00,NYIS,603.0,537.0,66.0
2014-11-03 05:00:00,2014-11-03 00:00:00,2014-11-03 06:00:00,2014-11-03 01:00:00,OVEC,1008.0,619.0,389.0
2014-11-03 05:00:00,2014-11-03 00:00:00,2014-11-03 06:00:00,2014-11-03 01:00:00,SIGE,45.0,0.0,45.0
2014-11-03 05:00:00,2014-11-03 00:00:00,2014-11-03 06:00:00,2014-11-03 01:00:00,TVA,860.0,150.0,710.0
2014-11-03 05:00:00,2014-11-03 00:00:00,2014-11-03 06:00:00,2014-11-03 01:00:00,WEC,391.0,-90.0,481.0
2014-11-03 06:00:00,2014-11-03 01:00:00,2014-11-03 07:00:00,2014-11-03 02:00:00,ALTE,-1028.0,-800.0,-228.0
2014-11-03 06:00:00,2014-11-03 01:00:00,2014-11-03 07:00:00,2014-11-03 02:00:00,ALTW,-174.0,0.0,-174.0
2014-11-03 06:00:00,2014-11-03 01:00:00,2014-11-03 07:00:00,2014-11-03 02:00:00,AMIL,1576.0,116.0,1460.0
2014-11-03 06:00:00,2014-11-03 01:00:00,2014-11-03 07:00:00,2014-11-03 02:00:00,CIN,-1249.0,-190.0,-1059.0
2014-11-03 06:00:00,2014-11-03 01:00:00,2014-11-03 07:00:00,2014-11-03 02:00:00,CPLE,341.0,0.0,341.0
2014-11-03 06:00:00,2014-11-03 01:00:00,2014-11-03 07:00:00,2014-11-03 02:00:00,CPLW,-216.0,0.0,-216.0
2014-11-03 06:00:00,2014-11-03 01:00:00,2014-11-03 07:00:00,2014-11-03 02:00:00,CWLP,-59.0,0.0,-59.0
2014-11-03 06:00:00,2014-11-03 01:00:00,2014-11-03 07:00:00,2014-11-03 02:00:00,DUK,-65.0,-470.0,405.0
2014-11-03 06:00:00,2014-11-03 01:00:00,2014-11-03 07:00:00,2014-11-03 02:00:00,HUDS,0.0,0.0,0.0
2014-11-03 06:00:00,2014-11-03 01:00:00,2014-11-03 07:00:00,2014-11-03 02:00:00,IPL,-544.0,45.0,-589.0
2014-11-03 06:00:00,2014-11-03 01:00:00,2014-11-03 07:00:00,2014-11-03 02:00:00,LAGN,0.0,1045.0,-1045.0
2014-11-03 06:00:00,2014-11-03 01:00:00,2014-11-03 07:00:00,2014-11-03 02:00:00,LGEE,345.0,296.0,49.0
2014-11-03 06:00:00,2014-11-03 01:00:00,2014-11-03 07:00:00,2014-11-03 02:00:00,LIND,103.0,103.0,0.0
2014-11-03 06:00:00,2014-11-03 01:00:00,2014-11-03 07:00:00,2014-11-03 02:00:00,MEC,-357.0,-648.0,291.0
2014-11-03 06:00:00,2014-11-03 01:00:00,2014-11-03 07:00:00,2014-11-03 02:00:00,MECS,-747.0,-1000.0,253.0
2014-11-03 06:00:00,2014-11-03 01:00:00,2014-11-03 07:00:00,2014-11-03 02:00:00,NEPT,-670.0,-670.0,0.0
2014-11-03 06:00:00,2014-11-03 01:00:00,2014-11-03 07:00:00,2014-11-03 02:00:00,NIPS,-1100.0,0.0,-1100.0
2014-11-03 06:00:00,2014-11-03 01:00:00,2014-11-03 07:00:00,2014-11-03 02:00:00,NYIS,480.0,541.0,-61.0
2014-11-03 06:00:00,2014-11-03 01:00:00,2014-11-03 07:00:00,2014-11-03 02:00:00,OVEC,952.0,619.0,333.0
2014-11-03 06:00:00,2014-11-03 01:00:00,2014-11-03 07:00:00,2014-11-03 02:00:00,SIGE,44.0,0.0,44.0
2014-11-03 06:00:00,2014-11-03 01:00:00,2014-11-03 07:00:00,2014-11-03 02:00:00,TVA,790.0,96.0,694.0
2014-11-03 06:00:00,2014-11-03 01:00:00,2014-11-03 07:00:00,2014-11-03 02:00:00,WEC,483.0,-90.0,573.0
2014-11-03 07:00:00,2014-11-03 02:00:00,2014-11-03 08:00:00,2014-11-03 03:00:00,ALTE,-1009.0,-800.0,-209.0
2014-11-03 07:00:00,2014-11-03 02:00:00,2014-11-03 08:00:00,2014-11-03 03:00:00,ALTW,-161.0,0.0,-161.0
2014-11-03 07:00:00,2014-11-03 02:00:00,2014-11-03 08:00:00,2014-11-03 03:00:00,AMIL,1603.0,116.0,1487.0
2014-11-03 07:00:00,2014-11-03 02:00:00,2014-11-03 08:00:00,2014-11-03 03:00:00,CIN,-1276.0,-165.0,-1111.0
2014-11-03 07:00:00,2014-11-03 02:00:00,2014-11-03 08:00:00,2014-11-03 03:00:00,CPLE,325.0,-4.0,329.0
2014-11-03 07:00:00,2014-11-03 02:00:00,2014-11-03 08:00:00,2014-11-03 03:00:00,CPLW,-219.0,0.0,-219.0
2014-11-03 07:00:00,2014-11-03 02:00:00,2014-11-03 08:00:00,2014-11-03 03:00:00,CWLP,-47.0,0.0,-47.0
2014-11-03 07:00:00,2014-11-03 02:00:00,2014-11-03 08:00:00,2014-11-03 03:00:00,DUK,-90.0,-645.0,555.0
2014-11-03 07:00:00,2014-11-03 02:00:00,2014-11-03 08:00:00,2014-11-03 03:00:00,HUDS,0.0,0.0,0.0
2014-11-03 07:00:00,2014-11-03 02:00:00,2014-11-03 08:00:00,2014-11-03 03:00:00,IPL,-546.0,30.0,-576.0
2014-11-03 07:00:00,2014-11-03 02:00:00,2014-11-03 08:00:00,2014-11-03 03:00:00,LAGN,0.0,957.0,-957.0
2014-11-03 07:00:00,2014-11-03 02:00:00,2014-11-03 08:00:00,2014-11-03 03:00:00,LGEE,360.0,300.0,60.0
2014-11-03 07:00:00,2014-11-03 02:00:00,2014-11-03 08:00:00,2014-11-03 03:00:00,LIND,87.0,87.0,0.0
2014-11-03 07:00:00,2014-11-03 02:00:00,2014-11-03 08:00:00,2014-11-03 03:00:00,MEC,-394.0,-648.0,254.0
2014-11-03 07:00:00,2014-11-03 02:00:00,2014-11-03 08:00:00,2014-11-03 03:00:00,MECS,-709.0,-1000.0,291.0
2014-11-03 07:00:00,2014-11-03 02:00:00,2014-11-03 08:00:00,2014-11-03 03:00:00,NEPT,-670.0,-670.0,0.0
2014-11-03 07:00:00,2014-11-03 02:00:00,2014-11-03 08:00:00,2014-11-03 03:00:00,NIPS,-1127.0,0.0,-1127.0
2014-11-03 07:00:00,2014-11-03 02:00:00,2014-11-03 08:00:00,2014-11-03 03:00:00,NYIS,384.0,616.0,-232.0
2014-11-03 07:00:00,2014-11-03 02:00:00,2014-11-03 08:00:00,2014-11-03 03:00:00,OVEC,934.0,619.0,315.0
2014-11-03 07:00:00,2014-11-03 02:00:00,2014-11-03 08:00:00,2014-11-03 03:00:00,SIGE,44.0,0.0,44.0
2014-11-03 07:00:00,2014-11-03 02:00:00,2014-11-03 08:00:00,2014-11-03 03:00:00,TVA,770.0,96.0,674.0
2014-11-03 07:00:00,2014-11-03 02:00:00,2014-11-03 08:00:00,2014-11-03 03:00:00,WEC,515.0,-90.0,605.0
2014-11-03 08:00:00,2014-11-03 03:00:00,2014-11-03 09:00:00,2014-11-03 04:00:00,ALTE,-1002.0,-800.0,-202.0
2014-11-03 08:00:00,2014-11-03 03:00:00,2014-11-03 09:00:00,2014-11-03 04:00:00,ALTW,-148.0,0.0,-148.0
2014-11-03 08:00:00,2014-11-03 03:00:00,2014-11-03 09:00:00,2014-11-03 04:00:00,AMIL,1576.0,116.0,1460.0
2014-11-03 08:00:00,2014-11-03 03:00:00,2014-11-03 09:00:00,2014-11-03 04:00:00,CIN,-1245.0,-115.0,-1130.0
2014-11-03 08:00:00,2014-11-03 03:00:00,2014-11-03 09:00:00,2014-11-03 04:00:00,CPLE,317.0,-31.0,348.0
2014-11-03 08:00:00,2014-11-03 03:00:00,2014-11-03 09:00:00,2014-11-03 04:00:00,CPLW,-220.0,0.0,-220.0
2014-11-03 08:00:00,2014-11-03 03:00:00,2014-11-03 09:00:00,2014-11-03 04:00:00,CWLP,-29.0,0.0,-29.0
2014-11-03 08:00:00,2014-11-03 03:00:00,2014-11-03 09:00:00,2014-11-03 04:00:00,DUK,-82.0,-596.0,514.0
2014-11-03 08:00:00,2014-11-03 03:00:00,2014-11-03 09:00:00,2014-11-03 04:00:00,HUDS,0.0,0.0,0.0
2014-11-03 08:00:00,2014-11-03 03:00:00,2014-11-03 09:00:00,2014-11-03 04:00:00,IPL,-490.0,100.0,-590.0
2014-11-03 08:00:00,2014-11-03 03:00:00,2014-11-03 09:00:00,2014-11-03 04:00:00,LAGN,0.0,1027.0,-1027.0
2014-11-03 08:00:00,2014-11-03 03:00:00,2014-11-03 09:00:00,2014-11-03 04:00:00,LGEE,338.0,300.0,38.0
2014-11-03 08:00:00,2014-11-03 03:00:00,2014-11-03 09:00:00,2014-11-03 04:00:00,LIND,9.0,9.0,0.0
2014-11-03 08:00:00,2014-11-03 03:00:00,2014-11-03 09:00:00,2014-11-03 04:00:00,MEC,-341.0,-648.0,307.0
2014-11-03 08:00:00,2014-11-03 03:00:00,2014-11-03 09:00:00,2014-11-03 04:00:00,MECS,-850.0,-1000.0,150.0
2014-11-03 08:00:00,2014-11-03 03:00:00,2014-11-03 09:00:00,2014-11-03 04:00:00,NEPT,-557.0,-557.0,0.0
2014-11-03 08:00:00,2014-11-03 03:00:00,2014-11-03 09:00:00,2014-11-03 04:00:00,NIPS,-1103.0,0.0,-1103.0
2014-11-03 08:00:00,2014-11-03 03:00:00,2014-11-03 09:00:00,2014-11-03 04:00:00,NYIS,578.0,667.0,-89.0
2014-11-03 08:00:00,2014-11-03 03:00:00,2014-11-03 09:00:00,2014-11-03 04:00:00,OVEC,969.0,619.0,350.0
2014-11-03 08:00:00,2014-11-03 03:00:00,2014-11-03 09:00:00,2014-11-03 04:00:00,SIGE,45.0,0.0,45.0
2014-11-03 08:00:00,2014-11-03 03:00:00,2014-11-03 09:00:00,2014-11-03 04:00:00,TVA,788.0,96.0,692.0
2014-11-03 08:00:00,2014-11-03 03:00:00,2014-11-03 09:00:00,2014-11-03 04:00:00,WEC,525.0,-90.0,615.0
2014-11-03 09:00:00,2014-11-03 04:00:00,2014-11-03 10:00:00,2014-11-03 05:00:00,ALTE,-1007.0,-800.0,-207.0
2014-11-03 09:00:00,2014-11-03 04:00:00,2014-11-03 10:00:00,2014-11-03 05:00:00,ALTW,-147.0,0.0,-147.0
2014-11-03 09:00:00,2014-11-03 04:00:00,2014-11-03 10:00:00,2014-11-03 05:00:00,AMIL,1552.0,116.0,1436.0
2014-11-03 09:00:00,2014-11-03 04:00:00,2014-11-03 10:00:00,2014-11-03 05:00:00,CIN,-1242.0,-115.0,-1127.0
2014-11-03 09:00:00,2014-11-03 04:00:00,2014-11-03 10:00:00,2014-11-03 05:00:00,CPLE,301.0,-47.0,348.0
2014-11-03 09:00:00,2014-11-03 04:00:00,2014-11-03 10:00:00,2014-11-03 05:00:00,CPLW,-198.0,0.0,-198.0
2014-11-03 09:00:00,2014-11-03 04:00:00,2014-11-03 10:00:00,2014-11-03 05:00:00,CWLP,-41.0,0.0,-41.0
2014-11-03 09:00:00,2014-11-03 04:00:00,2014-11-03 10:00:00,2014-11-03 05:00:00,DUK,-35.0,-555.0,520.0
2014-11-03 09:00:00,2014-11-03 04:00:00,2014-11-03 10:00:00,2014-11-03 05:00:00,HUDS,0.0,0.0,0.0
2014-11-03 09:00:00,2014-11-03 04:00:00,2014-11-03 10:00:00,2014-11-03 05:00:00,IPL,-465.0,400.0,-865.0
2014-11-03 09:00:00,2014-11-03 04:00:00,2014-11-03 10:00:00,2014-11-03 05:00:00,LAGN,0.0,1119.0,-1119.0
2014-11-03 09:00:00,2014-11-03 04:00:00,2014-11-03 10:00:00,2014-11-03 05:00:00,LGEE,390.0,425.0,-35.0
2014-11-03 09:00:00,2014-11-03 04:00:00,2014-11-03 10:00:00,2014-11-03 05:00:00,LIND,-22.0,-22.0,0.0
2014-11-03 09:00:00,2014-11-03 04:00:00,2014-11-03 10:00:00,2014-11-03 05:00:00,MEC,-302.0,-648.0,346.0
2014-11-03 09:00:00,2014-11-03 04:00:00,2014-11-03 10:00:00,2014-11-03 05:00:00,MECS,-562.0,-900.0,338.0
2014-11-03 09:00:00,2014-11-03 04:00:00,2014-11-03 10:00:00,2014-11-03 05:00:00,NEPT,-613.0,-613.0,0.0
2014-11-03 09:00:00,2014-11-03 04:00:00,2014-11-03 10:00:00,2014-11-03 05:00:00,NIPS,-1163.0,0.0,-1163.0
2014-11-03 09:00:00,2014-11-03 04:00:00,2014-11-03 10:00:00,2014-11-03 05:00:00,NYIS,626.0,626.0,0.0
2014-11-03 09:00:00,2014-11-03 04:00:00,2014-11-03 10:00:00,2014-11-03 05:00:00,OVEC,1028.0,635.0,393.0
2014-11-03 09:00:00,2014-11-03 04:00:00,2014-11-03 10:00:00,2014-11-03 05:00:00,SIGE,47.0,0.0,47.0
2014-11-03 09:00:00,2014-11-03 04:00:00,2014-11-03 10:00:00,2014-11-03 05:00:00,TVA,859.0,176.0,683.0
2014-11-03 09:00:00,2014-11-03 04:00:00,2014-11-03 10:00:00,2014-11-03 05:00:00,WEC,523.0,-90.0,613.0
2014-11-03 10:00:00,2014-11-03 05:00:00,2014-11-03 11:00:00,2014-11-03 06:00:00,ALTE,-1033.0,-550.0,-483.0
2014-11-03 10:00:00,2014-11-03 05:00:00,2014-11-03 11:00:00,2014-11-03 06:00:00,ALTW,-185.0,0.0,-185.0
2014-11-03 10:00:00,2014-11-03 05:00:00,2014-11-03 11:00:00,2014-11-03 06:00:00,AMIL,1518.0,116.0,1402.0
2014-11-03 10:00:00,2014-11-03 05:00:00,2014-11-03 11:00:00,2014-11-03 06:00:00,CIN,-1331.0,184.0,-1515.0
2014-11-03 10:00:00,2014-11-03 05:00:00,2014-11-03 11:00:00,2014-11-03 06:00:00,CPLE,489.0,-102.0,591.0
2014-11-03 10:00:00,2014-11-03 05:00:00,2014-11-03 11:00:00,2014-11-03 06:00:00,CPLW,-126.0,0.0,-126.0
2014-11-03 10:00:00,2014-11-03 05:00:00,2014-11-03 11:00:00,2014-11-03 06:00:00,CWLP,-66.0,0.0,-66.0
2014-11-03 10:00:00,2014-11-03 05:00:00,2014-11-03 11:00:00,2014-11-03 06:00:00,DUK,103.0,104.0,-1.0
2014-11-03 10:00:00,2014-11-03 05:00:00,2014-11-03 11:00:00,2014-11-03 06:00:00,HUDS,0.0,0.0,0.0
2014-11-03 10:00:00,2014-11-03 05:00:00,2014-11-03 11:00:00,2014-11-03 06:00:00,IPL,-522.0,440.0,-962.0
2014-11-03 10:00:00,2014-11-03 05:00:00,2014-11-03 11:00:00,2014-11-03 06:00:00,LAGN,0.0,1142.0,-1142.0
2014-11-03 10:00:00,2014-11-03 05:00:00,2014-11-03 11:00:00,2014-11-03 06:00:00,LGEE,467.0,476.0,-9.0
2014-11-03 10:00:00,2014-11-03 05:00:00,2014-11-03 11:00:00,2014-11-03 06:00:00,LIND,-136.0,-136.0,0.0
2014-11-03 10:00:00,2014-11-03 05:00:00,2014-11-03 11:00:00,2014-11-03 06:00:00,MEC,-345.0,-648.0,303.0
2014-11-03 10:00:00,2014-11-03 05:00:00,2014-11-03 11:00:00,2014-11-03 06:00:00,MECS,685.0,-600.0,1285.0
2014-11-03 10:00:00,2014-11-03 05:00:00,2014-11-03 11:00:00,2014-11-03 06:00:00,NEPT,-667.0,-667.0,0.0
2014-11-03 10:00:00,2014-11-03 05:00:00,2014-11-03 11:00:00,2014-11-03 06:00:00,NIPS,-1143.0,0.0,-1143.0
2014-11-03 10:00:00,2014-11-03 05:00:00,2014-11-03 11:00:00,2014-11-03 06:00:00,NYIS,723.0,651.0,72.0
2014-11-03 10:00:00,2014-11-03 05:00:00,2014-11-03 11:00:00,2014-11-03 06:00:00,OVEC,1010.0,644.0,366.0
2014-11-03 10:00:00,2014-11-03 05:00:00,2014-11-03 11:00:00,2014-11-03 06:00:00,SIGE,49.0,0.0,49.0
2014-11-03 10:00:00,2014-11-03 05:00:00,2014-11-03 11:00:00,2014-11-03 06:00:00,TVA,1044.0,176.0,868.0
2014-11-03 10:00:00,2014-11-03 05:00:00,2014-11-03 11:00:00,2014-11-03 06:00:00,WEC,539.0,-90.0,629.0
2014-11-03 11:00:00,2014-11-03 06:00:00,2014-11-03 12:00:00,2014-11-03 07:00:00,ALTE,-947.0,-300.0,-647.0
2014-11-03 11:00:00,2014-11-03 06:00:00,2014-11-03 12:00:00,2014-11-03 07:00:00,ALTW,-250.0,-150.0,-100.0
2014-11-03 11:00:00,2014-11-03 06:00:00,2014-11-03 12:00:00,2014-11-03 07:00:00,AMIL,1372.0,116.0,1256.0
2014-11-03 11:00:00,2014-11-03 06:00:00,2014-11-03 12:00:00,2014-11-03 07:00:00,CIN,-1545.0,587.0,-2132.0
2014-11-03 11:00:00,2014-11-03 06:00:00,2014-11-03 12:00:00,2014-11-03 07:00:00,CPLE,393.0,-102.0,495.0
2014-11-03 11:00:00,2014-11-03 06:00:00,2014-11-03 12:00:00,2014-11-03 07:00:00,CPLW,-79.0,0.0,-79.0
2014-11-03 11:00:00,2014-11-03 06:00:00,2014-11-03 12:00:00,2014-11-03 07:00:00,CWLP,-70.0,0.0,-70.0
2014-11-03 11:00:00,2014-11-03 06:00:00,2014-11-03 12:00:00,2014-11-03 07:00:00,DUK,141.0,184.0,-43.0
2014-11-03 11:00:00,2014-11-03 06:00:00,2014-11-03 12:00:00,2014-11-03 07:00:00,HUDS,0.0,0.0,0.0
2014-11-03 11:00:00,2014-11-03 06:00:00,2014-11-03 12:00:00,2014-11-03 07:00:00,IPL,-580.0,350.0,-930.0
2014-11-03 11:00:00,2014-11-03 06:00:00,2014-11-03 12:00:00,2014-11-03 07:00:00,LAGN,0.0,1166.0,-1166.0
2014-11-03 11:00:00,2014-11-03 06:00:00,2014-11-03 12:00:00,2014-11-03 07:00:00,LGEE,471.0,593.0,-122.0
2014-11-03 11:00:00,2014-11-03 06:00:00,2014-11-03 12:00:00,2014-11-03 07:00:00,LIND,-141.0,-141.0,0.0
2014-11-03 11:00:00,2014-11-03 06:00:00,2014-11-03 12:00:00,2014-11-03 07:00:00,MEC,-400.0,-648.0,248.0
2014-11-03 11:00:00,2014-11-03 06:00:00,2014-11-03 12:00:00,2014-11-03 07:00:00,MECS,1536.0,-450.0,1986.0
2014-11-03 11:00:00,2014-11-03 06:00:00,2014-11-03 12:00:00,2014-11-03 07:00:00,NEPT,-496.0,-496.0,0.0
2014-11-03 11:00:00,2014-11-03 06:00:00,2014-11-03 12:00:00,2014-11-03 07:00:00,NIPS,-1178.0,0.0,-1178.0
2014-11-03 11:00:00,2014-11-03 06:00:00,2014-11-03 12:00:00,2014-11-03 07:00:00,NYIS,618.0,755.0,-137.0
2014-11-03 11:00:00,2014-11-03 06:00:00,2014-11-03 12:00:00,2014-11-03 07:00:00,OVEC,973.0,644.0,329.0
2014-11-03 11:00:00,2014-11-03 06:00:00,2014-11-03 12:00:00,2014-11-03 07:00:00,SIGE,49.0,0.0,49.0
2014-11-03 11:00:00,2014-11-03 06:00:00,2014-11-03 12:00:00,2014-11-03 07:00:00,TVA,1034.0,148.0,886.0
2014-11-03 11:00:00,2014-11-03 06:00:00,2014-11-03 12:00:00,2014-11-03 07:00:00,WEC,942.0,-90.0,1032.0
2014-11-03 12:00:00,2014-11-03 07:00:00,2014-11-03 13:00:00,2014-11-03 08:00:00,ALTE,-942.0,-300.0,-642.0
2014-11-03 12:00:00,2014-11-03 07:00:00,2014-11-03 13:00:00,2014-11-03 08:00:00,ALTW,-309.0,-75.0,-234.0
2014-11-03 12:00:00,2014-11-03 07:00:00,2014-11-03 13:00:00,2014-11-03 08:00:00,AMIL,1412.0,116.0,1296.0
2014-11-03 12:00:00,2014-11-03 07:00:00,2014-11-03 13:00:00,2014-11-03 08:00:00,CIN,-1645.0,571.0,-2216.0
2014-11-03 12:00:00,2014-11-03 07:00:00,2014-11-03 13:00:00,2014-11-03 08:00:00,CPLE,419.0,-95.0,514.0
2014-11-03 12:00:00,2014-11-03 07:00:00,2014-11-03 13:00:00,2014-11-03 08:00:00,CPLW,-30.0,0.0,-30.0
2014-11-03 12:00:00,2014-11-03 07:00:00,2014-11-03 13:00:00,2014-11-03 08:00:00,CWLP,-80.0,0.0,-80.0
2014-11-03 12:00:00,2014-11-03 07:00:00,2014-11-03 13:00:00,2014-11-03 08:00:00,DUK,354.0,357.0,-3.0
2014-11-03 12:00:00,2014-11-03 07:00:00,2014-11-03 13:00:00,2014-11-03 08:00:00,HUDS,0.0,0.0,0.0
2014-11-03 12:00:00,2014-11-03 07:00:00,2014-11-03 13:00:00,2014-11-03 08:00:00,IPL,-691.0,217.0,-908.0
2014-11-03 12:00:00,2014-11-03 07:00:00,2014-11-03 13:00:00,2014-11-03 08:00:00,LAGN,0.0,1197.0,-1197.0
2014-11-03 12:00:00,2014-11-03 07:00:00,2014-11-03 13:00:00,2014-11-03 08:00:00,LGEE,417.0,488.0,-71.0
2014-11-03 12:00:00,2014-11-03 07:00:00,2014-11-03 13:00:00,2014-11-03 08:00:00,LIND,-141.0,-141.0,0.0
2014-11-03 12:00:00,2014-11-03 07:00:00,2014-11-03 13:00:00,2014-11-03 08:00:00,MEC,-342.0,-648.0,306.0
2014-11-03 12:00:00,2014-11-03 07:00:00,2014-11-03 13:00:00,2014-11-03 08:00:00,MECS,2603.0,50.0,2553.0
2014-11-03 12:00:00,2014-11-03 07:00:00,2014-11-03 13:00:00,2014-11-03 08:00:00,NEPT,-498.0,-498.0,0.0
2014-11-03 12:00:00,2014-11-03 07:00:00,2014-11-03 13:00:00,2014-11-03 08:00:00,NIPS,-1138.0,0.0,-1138.0
2014-11-03 12:00:00,2014-11-03 07:00:00,2014-11-03 13:00:00,2014-11-03 08:00:00,NYIS,596.0,935.0,-339.0
2014-11-03 12:00:00,2014-11-03 07:00:00,2014-11-03 13:00:00,2014-11-03 08:00:00,OVEC,873.0,638.0,235.0
2014-11-03 12:00:00,2014-11-03 07:00:00,2014-11-03 13:00:00,2014-11-03 08:00:00,SIGE,48.0,0.0,48.0
2014-11-03 12:00:00,2014-11-03 07:00:00,2014-11-03 13:00:00,2014-11-03 08:00:00,TVA,995.0,165.0,830.0
2014-11-03 12:00:00,2014-11-03 07:00:00,2014-11-03 13:00:00,2014-11-03 08:00:00,WEC,864.0,-90.0,954.0
2014-11-03 13:00:00,2014-11-03 08:00:00,2014-11-03 14:00:00,2014-11-03 09:00:00,ALTE,-849.0,-75.0,-774.0
2014-11-03 13:00:00,2014-11-03 08:00:00,2014-11-03 14:00:00,2014-11-03 09:00:00,ALTW,-325.0,-100.0,-225.0
2014-11-03 13:00:00,2014-11-03 08:00:00,2014-11-03 14:00:00,2014-11-03 09:00:00,AMIL,1302.0,116.0,1186.0
2014-11-03 13:00:00,2014-11-03 08:00:00,2014-11-03 14:00:00,2014-11-03 09:00:00,CIN,-1403.0,417.0,-1820.0
2014-11-03 13:00:00,2014-11-03 08:00:00,2014-11-03 14:00:00,2014-11-03 09:00:00,CPLE,718.0,-95.0,813.0
2014-11-03 13:00:00,2014-11-03 08:00:00,2014-11-03 14:00:00,2014-11-03 09:00:00,CPLW,-31.0,0.0,-31.0
2014-11-03 13:00:00,2014-11-03 08:00:00,2014-11-03 14:00:00,2014-11-03 09:00:00,CWLP,-81.0,0.0,-81.0
2014-11-03 13:00:00,2014-11-03 08:00:00,2014-11-03 14:00:00,2014-11-03 09:00:00,DUK,435.0,515.0,-80.0
2014-11-03 13:00:00,2014-11-03 08:00:00,2014-11-03 14:00:00,2014-11-03 09:00:00,HUDS,0.0,0.0,0.0
2014-11-03 13:00:00,2014-11-03 08:00:00,2014-11-03 14:00:00,2014-11-03 09:00:00,IPL,-580.0,129.0,-709.0
2014-11-03 13:00:00,2014-11-03 08:00:00,2014-11-03 14:00:00,2014-11-03 09:00:00,LAGN,0.0,1156.0,-1156.0
2014-11-03 13:00:00,2014-11-03 08:00:00,2014-11-03 14:00:00,2014-11-03 09:00:00,LGEE,376.0,434.0,-58.0
2014-11-03 13:00:00,2014-11-03 08:00:00,2014-11-03 14:00:00,2014-11-03 09:00:00,LIND,-141.0,-141.0,0.0
2014-11-03 13:00:00,2014-11-03 08:00:00,2014-11-03 14:00:00,2014-11-03 09:00:00,MEC,-319.0,-648.0,329.0
2014-11-03 13:00:00,2014-11-03 08:00:00,2014-11-03 14:00:00,2014-11-03 09:00:00,MECS,1817.0,0.0,1817.0
2014-11-03 13:00:00,2014-11-03 08:00:00,2014-11-03 14:00:00,2014-11-03 09:00:00,NEPT,-668.0,-668.0,0.0
2014-11-03 13:00:00,2014-11-03 08:00:00,2014-11-03 14:00:00,2014-11-03 09:00:00,NIPS,-1066.0,0.0,-1066.0
2014-11-03 13:00:00,2014-11-03 08:00:00,2014-11-03 14:00:00,2014-11-03 09:00:00,NYIS,563.0,876.0,-313.0
2014-11-03 13:00:00,2014-11-03 08:00:00,2014-11-03 14:00:00,2014-11-03 09:00:00,OVEC,1010.0,638.0,372.0
2014-11-03 13:00:00,2014-11-03 08:00:00,2014-11-03 14:00:00,2014-11-03 09:00:00,SIGE,47.0,0.0,47.0
2014-11-03 13:00:00,2014-11-03 08:00:00,2014-11-03 14:00:00,2014-11-03 09:00:00,TVA,1094.0,133.0,961.0
2014-11-03 13:00:00,2014-11-03 08:00:00,2014-11-03 14:00:00,2014-11-03 09:00:00,WEC,897.0,-90.0,987.0
2014-11-03 14:00:00,2014-11-03 09:00:00,2014-11-03 15:00:00,2014-11-03 10:00:00,ALTE,-872.0,0.0,-872.0
2014-11-03 14:00:00,2014-11-03 09:00:00,2014-11-03 15:00:00,2014-11-03 10:00:00,ALTW,-309.0,0.0,-309.0
2014-11-03 14:00:00,2014-11-03 09:00:00,2014-11-03 15:00:00,2014-11-03 10:00:00,AMIL,1317.0,116.0,1201.0
2014-11-03 14:00:00,2014-11-03 09:00:00,2014-11-03 15:00:00,2014-11-03 10:00:00,CIN,-1276.0,189.0,-1465.0
2014-11-03 14:00:00,2014-11-03 09:00:00,2014-11-03 15:00:00,2014-11-03 10:00:00,CPLE,764.0,-25.0,789.0
2014-11-03 14:00:00,2014-11-03 09:00:00,2014-11-03 15:00:00,2014-11-03 10:00:00,CPLW,-60.0,0.0,-60.0
2014-11-03 14:00:00,2014-11-03 09:00:00,2014-11-03 15:00:00,2014-11-03 10:00:00,CWLP,-91.0,0.0,-91.0
2014-11-03 14:00:00,2014-11-03 09:00:00,2014-11-03 15:00:00,2014-11-03 10:00:00,DUK,429.0,416.0,13.0
2014-11-03 14:00:00,2014-11-03 09:00:00,2014-11-03 15:00:00,2014-11-03 10:00:00,HUDS,0.0,0.0,0.0
2014-11-03 14:00:00,2014-11-03 09:00:00,2014-11-03 15:00:00,2014-11-03 10:00:00,IPL,-532.0,160.0,-692.0
2014-11-03 14:00:00,2014-11-03 09:00:00,2014-11-03 15:00:00,2014-11-03 10:00:00,LAGN,0.0,955.0,-955.0
2014-11-03 14:00:00,2014-11-03 09:00:00,2014-11-03 15:00:00,2014-11-03 10:00:00,LGEE,403.0,350.0,53.0
2014-11-03 14:00:00,2014-11-03 09:00:00,2014-11-03 15:00:00,2014-11-03 10:00:00,LIND,-141.0,-141.0,0.0
2014-11-03 14:00:00,2014-11-03 09:00:00,2014-11-03 15:00:00,2014-11-03 10:00:00,MEC,-262.0,-648.0,386.0
2014-11-03 14:00:00,2014-11-03 09:00:00,2014-11-03 15:00:00,2014-11-03 10:00:00,MECS,921.0,62.0,859.0
2014-11-03 14:00:00,2014-11-03 09:00:00,2014-11-03 15:00:00,2014-11-03 10:00:00,NEPT,-672.0,-672.0,0.0
2014-11-03 14:00:00,2014-11-03 09:00:00,2014-11-03 15:00:00,2014-11-03 10:00:00,NIPS,-987.0,0.0,-987.0
2014-11-03 14:00:00,2014-11-03 09:00:00,2014-11-03 15:00:00,2014-11-03 10:00:00,NYIS,603.0,719.0,-116.0
2014-11-03 14:00:00,2014-11-03 09:00:00,2014-11-03 15:00:00,2014-11-03 10:00:00,OVEC,1033.0,638.0,395.0
2014-11-03 14:00:00,2014-11-03 09:00:00,2014-11-03 15:00:00,2014-11-03 10:00:00,SIGE,47.0,0.0,47.0
2014-11-03 14:00:00,2014-11-03 09:00:00,2014-11-03 15:00:00,2014-11-03 10:00:00,TVA,1136.0,433.0,703.0
2014-11-03 14:00:00,2014-11-03 09:00:00,2014-11-03 15:00:00,2014-11-03 10:00:00,WEC,882.0,-90.0,972.0
2014-11-03 15:00:00,2014-11-03 10:00:00,2014-11-03 16:00:00,2014-11-03 11:00:00,ALTE,-906.0,-100.0,-806.0
2014-11-03 15:00:00,2014-11-03 10:00:00,2014-11-03 16:00:00,2014-11-03 11:00:00,ALTW,-336.0,0.0,-336.0
2014-11-03 15:00:00,2014-11-03 10:00:00,2014-11-03 16:00:00,2014-11-03 11:00:00,AMIL,1230.0,266.0,964.0
2014-11-03 15:00:00,2014-11-03 10:00:00,2014-11-03 16:00:00,2014-11-03 11:00:00,CIN,-1165.0,136.0,-1301.0
2014-11-03 15:00:00,2014-11-03 10:00:00,2014-11-03 16:00:00,2014-11-03 11:00:00,CPLE,1045.0,0.0,1045.0
2014-11-03 15:00:00,2014-11-03 10:00:00,2014-11-03 16:00:00,2014-11-03 11:00:00,CPLW,-74.0,0.0,-74.0
2014-11-03 15:00:00,2014-11-03 10:00:00,2014-11-03 16:00:00,2014-11-03 11:00:00,CWLP,-89.0,0.0,-89.0
2014-11-03 15:00:00,2014-11-03 10:00:00,2014-11-03 16:00:00,2014-11-03 11:00:00,DUK,554.0,446.0,108.0
2014-11-03 15:00:00,2014-11-03 10:00:00,2014-11-03 16:00:00,2014-11-03 11:00:00,HUDS,0.0,0.0,0.0
2014-11-03 15:00:00,2014-11-03 10:00:00,2014-11-03 16:00:00,2014-11-03 11:00:00,IPL,-480.0,300.0,-780.0
2014-11-03 15:00:00,2014-11-03 10:00:00,2014-11-03 16:00:00,2014-11-03 11:00:00,LAGN,0.0,1015.0,-1015.0
2014-11-03 15:00:00,2014-11-03 10:00:00,2014-11-03 16:00:00,2014-11-03 11:00:00,LGEE,353.0,282.0,71.0
2014-11-03 15:00:00,2014-11-03 10:00:00,2014-11-03 16:00:00,2014-11-03 11:00:00,LIND,-141.0,-141.0,0.0
2014-11-03 15:00:00,2014-11-03 10:00:00,2014-11-03 16:00:00,2014-11-03 11:00:00,MEC,-286.0,-648.0,362.0
2014-11-03 15:00:00,2014-11-03 10:00:00,2014-11-03 16:00:00,2014-11-03 11:00:00,MECS,626.0,-50.0,676.0
2014-11-03 15:00:00,2014-11-03 10:00:00,2014-11-03 16:00:00,2014-11-03 11:00:00,NEPT,-672.0,-672.0,0.0
2014-11-03 15:00:00,2014-11-03 10:00:00,2014-11-03 16:00:00,2014-11-03 11:00:00,NIPS,-976.0,0.0,-976.0
2014-11-03 15:00:00,2014-11-03 10:00:00,2014-11-03 16:00:00,2014-11-03 11:00:00,NYIS,709.0,683.0,26.0
2014-11-03 15:00:00,2014-11-03 10:00:00,2014-11-03 16:00:00,2014-11-03 11:00:00,OVEC,1045.0,638.0,407.0
2014-11-03 15:00:00,2014-11-03 10:00:00,2014-11-03 16:00:00,2014-11-03 11:00:00,SIGE,47.0,0.0,47.0
2014-11-03 15:00:00,2014-11-03 10:00:00,2014-11-03 16:00:00,2014-11-03 11:00:00,TVA,1217.0,364.0,853.0
2014-11-03 15:00:00,2014-11-03 10:00:00,2014-11-03 16:00:00,2014-11-03 11:00:00,WEC,788.0,-90.0,878.0
2014-11-03 16:00:00,2014-11-03 11:00:00,2014-11-03 17:00:00,2014-11-03 12:00:00,ALTE,-990.0,-100.0,-890.0
2014-11-03 16:00:00,2014-11-03 11:00:00,2014-11-03 17:00:00,2014-11-03 12:00:00,ALTW,-364.0,0.0,-364.0
2014-11-03 16:00:00,2014-11-03 11:00:00,2014-11-03 17:00:00,2014-11-03 12:00:00,AMIL,1440.0,291.0,1149.0
2014-11-03 16:00:00,2014-11-03 11:00:00,2014-11-03 17:00:00,2014-11-03 12:00:00,CIN,-1155.0,99.0,-1254.0
2014-11-03 16:00:00,2014-11-03 11:00:00,2014-11-03 17:00:00,2014-11-03 12:00:00,CPLE,1154.0,0.0,1154.0
2014-11-03 16:00:00,2014-11-03 11:00:00,2014-11-03 17:00:00,2014-11-03 12:00:00,CPLW,-131.0,0.0,-131.0
2014-11-03 16:00:00,2014-11-03 11:00:00,2014-11-03 17:00:00,2014-11-03 12:00:00,CWLP,-99.0,0.0,-99.0
2014-11-03 16:00:00,2014-11-03 11:00:00,2014-11-03 17:00:00,2014-11-03 12:00:00,DUK,444.0,396.0,48.0
2014-11-03 16:00:00,2014-11-03 11:00:00,2014-11-03 17:00:00,2014-11-03 12:00:00,HUDS,0.0,0.0,0.0
2014-11-03 16:00:00,2014-11-03 11:00:00,2014-11-03 17:00:00,2014-11-03 12:00:00,IPL,-416.0,233.0,-649.0
2014-11-03 16:00:00,2014-11-03 11:00:00,2014-11-03 17:00:00,2014-11-03 12:00:00,LAGN,0.0,1056.0,-1056.0
2014-11-03 16:00:00,2014-11-03 11:00:00,2014-11-03 17:00:00,2014-11-03 12:00:00,LGEE,348.0,300.0,48.0
2014-11-03 16:00:00,2014-11-03 11:00:00,2014-11-03 17:00:00,2014-11-03 12:00:00,LIND,-150.0,-150.0,0.0
2014-11-03 16:00:00,2014-11-03 11:00:00,2014-11-03 17:00:00,2014-11-03 12:00:00,MEC,-246.0,-648.0,402.0
2014-11-03 16:00:00,2014-11-03 11:00:00,2014-11-03 17:00:00,2014-11-03 12:00:00,MECS,139.0,-50.0,189.0
2014-11-03 16:00:00,2014-11-03 11:00:00,2014-11-03 17:00:00,2014-11-03 12:00:00,NEPT,-672.0,-672.0,0.0
2014-11-03 16:00:00,2014-11-03 11:00:00,2014-11-03 17:00:00,2014-11-03 12:00:00,NIPS,-941.0,0.0,-941.0
2014-11-03 16:00:00,2014-11-03 11:00:00,2014-11-03 17:00:00,2014-11-03 12:00:00,NYIS,754.0,632.0,122.0
2014-11-03 16:00:00,2014-11-03 11:00:00,2014-11-03 17:00:00,2014-11-03 12:00:00,OVEC,1117.0,638.0,479.0
2014-11-03 16:00:00,2014-11-03 11:00:00,2014-11-03 17:00:00,2014-11-03 12:00:00,SIGE,47.0,0.0,47.0
2014-11-03 16:00:00,2014-11-03 11:00:00,2014-11-03 17:00:00,2014-11-03 12:00:00,TVA,1176.0,221.0,955.0
2014-11-03 16:00:00,2014-11-03 11:00:00,2014-11-03 17:00:00,2014-11-03 12:00:00,WEC,716.0,-90.0,806.0
2014-11-03 17:00:00,2014-11-03 12:00:00,2014-11-03 18:00:00,2014-11-03 13:00:00,ALTE,-1029.0,-100.0,-929.0
2014-11-03 17:00:00,2014-11-03 12:00:00,2014-11-03 18:00:00,2014-11-03 13:00:00,ALTW,-360.0,0.0,-360.0
2014-11-03 17:00:00,2014-11-03 12:00:00,2014-11-03 18:00:00,2014-11-03 13:00:00,AMIL,1590.0,316.0,1274.0
2014-11-03 17:00:00,2014-11-03 12:00:00,2014-11-03 18:00:00,2014-11-03 13:00:00,CIN,-1189.0,149.0,-1338.0
2014-11-03 17:00:00,2014-11-03 12:00:00,2014-11-03 18:00:00,2014-11-03 13:00:00,CPLE,1230.0,0.0,1230.0
2014-11-03 17:00:00,2014-11-03 12:00:00,2014-11-03 18:00:00,2014-11-03 13:00:00,CPLW,-149.0,0.0,-149.0
2014-11-03 17:00:00,2014-11-03 12:00:00,2014-11-03 18:00:00,2014-11-03 13:00:00,CWLP,-102.0,0.0,-102.0
2014-11-03 17:00:00,2014-11-03 12:00:00,2014-11-03 18:00:00,2014-11-03 13:00:00,DUK,449.0,396.0,53.0
2014-11-03 17:00:00,2014-11-03 12:00:00,2014-11-03 18:00:00,2014-11-03 13:00:00,HUDS,0.0,0.0,0.0
2014-11-03 17:00:00,2014-11-03 12:00:00,2014-11-03 18:00:00,2014-11-03 13:00:00,IPL,-395.0,128.0,-523.0
2014-11-03 17:00:00,2014-11-03 12:00:00,2014-11-03 18:00:00,2014-11-03 13:00:00,LAGN,0.0,1061.0,-1061.0
2014-11-03 17:00:00,2014-11-03 12:00:00,2014-11-03 18:00:00,2014-11-03 13:00:00,LGEE,342.0,300.0,42.0
2014-11-03 17:00:00,2014-11-03 12:00:00,2014-11-03 18:00:00,2014-11-03 13:00:00,LIND,-153.0,-153.0,0.0
2014-11-03 17:00:00,2014-11-03 12:00:00,2014-11-03 18:00:00,2014-11-03 13:00:00,MEC,-197.0,-648.0,451.0
2014-11-03 17:00:00,2014-11-03 12:00:00,2014-11-03 18:00:00,2014-11-03 13:00:00,MECS,-158.0,-200.0,42.0
2014-11-03 17:00:00,2014-11-03 12:00:00,2014-11-03 18:00:00,2014-11-03 13:00:00,NEPT,-672.0,-672.0,0.0
2014-11-03 17:00:00,2014-11-03 12:00:00,2014-11-03 18:00:00,2014-11-03 13:00:00,NIPS,-959.0,0.0,-959.0
2014-11-03 17:00:00,2014-11-03 12:00:00,2014-11-03 18:00:00,2014-11-03 13:00:00,NYIS,653.0,555.0,98.0
2014-11-03 17:00:00,2014-11-03 12:00:00,2014-11-03 18:00:00,2014-11-03 13:00:00,OVEC,1164.0,638.0,526.0
2014-11-03 17:00:00,2014-11-03 12:00:00,2014-11-03 18:00:00,2014-11-03 13:00:00,SIGE,46.0,0.0,46.0
2014-11-03 17:00:00,2014-11-03 12:00:00,2014-11-03 18:00:00,2014-11-03 13:00:00,TVA,1257.0,269.0,988.0
2014-11-03 17:00:00,2014-11-03 12:00:00,2014-11-03 18:00:00,2014-11-03 13:00:00,WEC,661.0,-90.0,751.0
2014-11-03 18:00:00,2014-11-03 13:00:00,2014-11-03 19:00:00,2014-11-03 14:00:00,ALTE,-958.0,-100.0,-858.0
2014-11-03 18:00:00,2014-11-03 13:00:00,2014-11-03 19:00:00,2014-11-03 14:00:00,ALTW,-408.0,0.0,-408.0
2014-11-03 18:00:00,2014-11-03 13:00:00,2014-11-03 19:00:00,2014-11-03 14:00:00,AMIL,1518.0,316.0,1202.0
2014-11-03 18:00:00,2014-11-03 13:00:00,2014-11-03 19:00:00,2014-11-03 14:00:00,CIN,-1210.0,199.0,-1409.0
2014-11-03 18:00:00,2014-11-03 13:00:00,2014-11-03 19:00:00,2014-11-03 14:00:00,CPLE,1283.0,0.0,1283.0
2014-11-03 18:00:00,2014-11-03 13:00:00,2014-11-03 19:00:00,2014-11-03 14:00:00,CPLW,-143.0,0.0,-143.0
2014-11-03 18:00:00,2014-11-03 13:00:00,2014-11-03 19:00:00,2014-11-03 14:00:00,CWLP,-98.0,0.0,-98.0
2014-11-03 18:00:00,2014-11-03 13:00:00,2014-11-03 19:00:00,2014-11-03 14:00:00,DUK,470.0,384.0,86.0
2014-11-03 18:00:00,2014-11-03 13:00:00,2014-11-03 19:00:00,2014-11-03 14:00:00,HUDS,0.0,0.0,0.0
2014-11-03 18:00:00,2014-11-03 13:00:00,2014-11-03 19:00:00,2014-11-03 14:00:00,IPL,-344.0,75.0,-419.0
2014-11-03 18:00:00,2014-11-03 13:00:00,2014-11-03 19:00:00,2014-11-03 14:00:00,LAGN,0.0,1057.0,-1057.0
2014-11-03 18:00:00,2014-11-03 13:00:00,2014-11-03 19:00:00,2014-11-03 14:00:00,LGEE,336.0,282.0,54.0
2014-11-03 18:00:00,2014-11-03 13:00:00,2014-11-03 19:00:00,2014-11-03 14:00:00,LIND,-141.0,-141.0,0.0
2014-11-03 18:00:00,2014-11-03 13:00:00,2014-11-03 19:00:00,2014-11-03 14:00:00,MEC,-261.0,-648.0,387.0
2014-11-03 18:00:00,2014-11-03 13:00:00,2014-11-03 19:00:00,2014-11-03 14:00:00,MECS,-42.0,-150.0,108.0
2014-11-03 18:00:00,2014-11-03 13:00:00,2014-11-03 19:00:00,2014-11-03 14:00:00,NEPT,-672.0,-672.0,0.0
2014-11-03 18:00:00,2014-11-03 13:00:00,2014-11-03 19:00:00,2014-11-03 14:00:00,NIPS,-958.0,0.0,-958.0
2014-11-03 18:00:00,2014-11-03 13:00:00,2014-11-03 19:00:00,2014-11-03 14:00:00,NYIS,585.0,555.0,30.0
2014-11-03 18:00:00,2014-11-03 13:00:00,2014-11-03 19:00:00,2014-11-03 14:00:00,OVEC,1045.0,653.0,392.0
2014-11-03 18:00:00,2014-11-03 13:00:00,2014-11-03 19:00:00,2014-11-03 14:00:00,SIGE,45.0,0.0,45.0
2014-11-03 18:00:00,2014-11-03 13:00:00,2014-11-03 19:00:00,2014-11-03 14:00:00,TVA,1256.0,276.0,980.0
2014-11-03 18:00:00,2014-11-03 13:00:00,2014-11-03 19:00:00,2014-11-03 14:00:00,WEC,730.0,-90.0,820.0
2014-11-03 19:00:00,2014-11-03 14:00:00,2014-11-03 20:00:00,2014-11-03 15:00:00,ALTE,-965.0,-100.0,-865.0
2014-11-03 19:00:00,2014-11-03 14:00:00,2014-11-03 20:00:00,2014-11-03 15:00:00,ALTW,-383.0,0.0,-383.0
2014-11-03 19:00:00,2014-11-03 14:00:00,2014-11-03 20:00:00,2014-11-03 15:00:00,AMIL,1570.0,316.0,1254.0
2014-11-03 19:00:00,2014-11-03 14:00:00,2014-11-03 20:00:00,2014-11-03 15:00:00,CIN,-1162.0,299.0,-1461.0
2014-11-03 19:00:00,2014-11-03 14:00:00,2014-11-03 20:00:00,2014-11-03 15:00:00,CPLE,1196.0,0.0,1196.0
2014-11-03 19:00:00,2014-11-03 14:00:00,2014-11-03 20:00:00,2014-11-03 15:00:00,CPLW,-145.0,0.0,-145.0
2014-11-03 19:00:00,2014-11-03 14:00:00,2014-11-03 20:00:00,2014-11-03 15:00:00,CWLP,-93.0,0.0,-93.0
2014-11-03 19:00:00,2014-11-03 14:00:00,2014-11-03 20:00:00,2014-11-03 15:00:00,DUK,419.0,394.0,25.0
2014-11-03 19:00:00,2014-11-03 14:00:00,2014-11-03 20:00:00,2014-11-03 15:00:00,HUDS,0.0,0.0,0.0
2014-11-03 19:00:00,2014-11-03 14:00:00,2014-11-03 20:00:00,2014-11-03 15:00:00,IPL,-325.0,25.0,-350.0
2014-11-03 19:00:00,2014-11-03 14:00:00,2014-11-03 20:00:00,2014-11-03 15:00:00,LAGN,0.0,1059.0,-1059.0
2014-11-03 19:00:00,2014-11-03 14:00:00,2014-11-03 20:00:00,2014-11-03 15:00:00,LGEE,375.0,304.0,71.0
2014-11-03 19:00:00,2014-11-03 14:00:00,2014-11-03 20:00:00,2014-11-03 15:00:00,LIND,-141.0,-141.0,0.0
2014-11-03 19:00:00,2014-11-03 14:00:00,2014-11-03 20:00:00,2014-11-03 15:00:00,MEC,-207.0,-648.0,441.0
2014-11-03 19:00:00,2014-11-03 14:00:00,2014-11-03 20:00:00,2014-11-03 15:00:00,MECS,-168.0,-200.0,32.0
2014-11-03 19:00:00,2014-11-03 14:00:00,2014-11-03 20:00:00,2014-11-03 15:00:00,NEPT,-672.0,-672.0,0.0
2014-11-03 19:00:00,2014-11-03 14:00:00,2014-11-03 20:00:00,2014-11-03 15:00:00,NIPS,-950.0,0.0,-950.0
2014-11-03 19:00:00,2014-11-03 14:00:00,2014-11-03 20:00:00,2014-11-03 15:00:00,NYIS,640.0,572.0,68.0
2014-11-03 19:00:00,2014-11-03 14:00:00,2014-11-03 20:00:00,2014-11-03 15:00:00,OVEC,1157.0,621.0,536.0
2014-11-03 19:00:00,2014-11-03 14:00:00,2014-11-03 20:00:00,2014-11-03 15:00:00,SIGE,42.0,0.0,42.0
2014-11-03 19:00:00,2014-11-03 14:00:00,2014-11-03 20:00:00,2014-11-03 15:00:00,TVA,1162.0,328.0,834.0
2014-11-03 19:00:00,2014-11-03 14:00:00,2014-11-03 20:00:00,2014-11-03 15:00:00,WEC,732.0,-90.0,822.0
2014-11-03 20:00:00,2014-11-03 15:00:00,2014-11-03 21:00:00,2014-11-03 16:00:00,ALTE,-966.0,-100.0,-866.0
2014-11-03 20:00:00,2014-11-03 15:00:00,2014-11-03 21:00:00,2014-11-03 16:00:00,ALTW,-337.0,0.0,-337.0
2014-11-03 20:00:00,2014-11-03 15:00:00,2014-11-03 21:00:00,2014-11-03 16:00:00,AMIL,1530.0,66.0,1464.0
2014-11-03 20:00:00,2014-11-03 15:00:00,2014-11-03 21:00:00,2014-11-03 16:00:00,CIN,-1087.0,399.0,-1486.0
2014-11-03 20:00:00,2014-11-03 15:00:00,2014-11-03 21:00:00,2014-11-03 16:00:00,CPLE,1102.0,0.0,1102.0
2014-11-03 20:00:00,2014-11-03 15:00:00,2014-11-03 21:00:00,2014-11-03 16:00:00,CPLW,-144.0,0.0,-144.0
2014-11-03 20:00:00,2014-11-03 15:00:00,2014-11-03 21:00:00,2014-11-03 16:00:00,CWLP,-98.0,0.0,-98.0
2014-11-03 20:00:00,2014-11-03 15:00:00,2014-11-03 21:00:00,2014-11-03 16:00:00,DUK,407.0,404.0,3.0
2014-11-03 20:00:00,2014-11-03 15:00:00,2014-11-03 21:00:00,2014-11-03 16:00:00,HUDS,0.0,0.0,0.0
2014-11-03 20:00:00,2014-11-03 15:00:00,2014-11-03 21:00:00,2014-11-03 16:00:00,IPL,-285.0,35.0,-320.0
2014-11-03 20:00:00,2014-11-03 15:00:00,2014-11-03 21:00:00,2014-11-03 16:00:00,LAGN,0.0,1059.0,-1059.0
2014-11-03 20:00:00,2014-11-03 15:00:00,2014-11-03 21:00:00,2014-11-03 16:00:00,LGEE,356.0,294.0,62.0
2014-11-03 20:00:00,2014-11-03 15:00:00,2014-11-03 21:00:00,2014-11-03 16:00:00,LIND,-153.0,-153.0,0.0
2014-11-03 20:00:00,2014-11-03 15:00:00,2014-11-03 21:00:00,2014-11-03 16:00:00,MEC,-206.0,-648.0,442.0
2014-11-03 20:00:00,2014-11-03 15:00:00,2014-11-03 21:00:00,2014-11-03 16:00:00,MECS,-328.0,-100.0,-228.0
2014-11-03 20:00:00,2014-11-03 15:00:00,2014-11-03 21:00:00,2014-11-03 16:00:00,NEPT,-672.0,-672.0,0.0
2014-11-03 20:00:00,2014-11-03 15:00:00,2014-11-03 21:00:00,2014-11-03 16:00:00,NIPS,-901.0,0.0,-901.0
2014-11-03 20:00:00,2014-11-03 15:00:00,2014-11-03 21:00:00,2014-11-03 16:00:00,NYIS,731.0,644.0,87.0
2014-11-03 20:00:00,2014-11-03 15:00:00,2014-11-03 21:00:00,2014-11-03 16:00:00,OVEC,1205.0,731.0,474.0
2014-11-03 20:00:00,2014-11-03 15:00:00,2014-11-03 21:00:00,2014-11-03 16:00:00,SIGE,44.0,0.0,44.0
2014-11-03 20:00:00,2014-11-03 15:00:00,2014-11-03 21:00:00,2014-11-03 16:00:00,TVA,1165.0,365.0,800.0
2014-11-03 20:00:00,2014-11-03 15:00:00,2014-11-03 21:00:00,2014-11-03 16:00:00,WEC,838.0,-90.0,928.0
2014-11-03 21:00:00,2014-11-03 16:00:00,2014-11-03 22:00:00,2014-11-03 17:00:00,ALTE,-996.0,0.0,-996.0
2014-11-03 21:00:00,2014-11-03 16:00:00,2014-11-03 22:00:00,2014-11-03 17:00:00,ALTW,-399.0,0.0,-399.0
2014-11-03 21:00:00,2014-11-03 16:00:00,2014-11-03 22:00:00,2014-11-03 17:00:00,AMIL,1643.0,66.0,1577.0
2014-11-03 21:00:00,2014-11-03 16:00:00,2014-11-03 22:00:00,2014-11-03 17:00:00,CIN,-1106.0,499.0,-1605.0
2014-11-03 21:00:00,2014-11-03 16:00:00,2014-11-03 22:00:00,2014-11-03 17:00:00,CPLE,1080.0,0.0,1080.0
2014-11-03 21:00:00,2014-11-03 16:00:00,2014-11-03 22:00:00,2014-11-03 17:00:00,CPLW,-142.0,0.0,-142.0
2014-11-03 21:00:00,2014-11-03 16:00:00,2014-11-03 22:00:00,2014-11-03 17:00:00,CWLP,-99.0,0.0,-99.0
2014-11-03 21:00:00,2014-11-03 16:00:00,2014-11-03 22:00:00,2014-11-03 17:00:00,DUK,433.0,468.0,-35.0
2014-11-03 21:00:00,2014-11-03 16:00:00,2014-11-03 22:00:00,2014-11-03 17:00:00,HUDS,0.0,0.0,0.0
2014-11-03 21:00:00,2014-11-03 16:00:00,2014-11-03 22:00:00,2014-11-03 17:00:00,IPL,-294.0,25.0,-319.0
2014-11-03 21:00:00,2014-11-03 16:00:00,2014-11-03 22:00:00,2014-11-03 17:00:00,LAGN,0.0,919.0,-919.0
2014-11-03 21:00:00,2014-11-03 16:00:00,2014-11-03 22:00:00,2014-11-03 17:00:00,LGEE,346.0,295.0,51.0
2014-11-03 21:00:00,2014-11-03 16:00:00,2014-11-03 22:00:00,2014-11-03 17:00:00,LIND,-153.0,-153.0,0.0
2014-11-03 21:00:00,2014-11-03 16:00:00,2014-11-03 22:00:00,2014-11-03 17:00:00,MEC,-253.0,-648.0,395.0
2014-11-03 21:00:00,2014-11-03 16:00:00,2014-11-03 22:00:00,2014-11-03 17:00:00,MECS,-199.0,-200.0,1.0
2014-11-03 21:00:00,2014-11-03 16:00:00,2014-11-03 22:00:00,2014-11-03 17:00:00,NEPT,-672.0,-672.0,0.0
2014-11-03 21:00:00,2014-11-03 16:00:00,2014-11-03 22:00:00,2014-11-03 17:00:00,NIPS,-873.0,0.0,-873.0
2014-11-03 21:00:00,2014-11-03 16:00:00,2014-11-03 22:00:00,2014-11-03 17:00:00,NYIS,984.0,876.0,108.0
2014-11-03 21:00:00,2014-11-03 16:00:00,2014-11-03 22:00:00,2014-11-03 17:00:00,OVEC,1200.0,731.0,469.0
2014-11-03 21:00:00,2014-11-03 16:00:00,2014-11-03 22:00:00,2014-11-03 17:00:00,SIGE,35.0,0.0,35.0
2014-11-03 21:00:00,2014-11-03 16:00:00,2014-11-03 22:00:00,2014-11-03 17:00:00,TVA,1161.0,338.0,823.0
2014-11-03 21:00:00,2014-11-03 16:00:00,2014-11-03 22:00:00,2014-11-03 17:00:00,WEC,732.0,-90.0,822.0
2014-11-03 22:00:00,2014-11-03 17:00:00,2014-11-03 23:00:00,2014-11-03 18:00:00,ALTE,-1052.0,-50.0,-1002.0
2014-11-03 22:00:00,2014-11-03 17:00:00,2014-11-03 23:00:00,2014-11-03 18:00:00,ALTW,-479.0,0.0,-479.0
2014-11-03 22:00:00,2014-11-03 17:00:00,2014-11-03 23:00:00,2014-11-03 18:00:00,AMIL,1698.0,216.0,1482.0
2014-11-03 22:00:00,2014-11-03 17:00:00,2014-11-03 23:00:00,2014-11-03 18:00:00,CIN,-1123.0,529.0,-1652.0
2014-11-03 22:00:00,2014-11-03 17:00:00,2014-11-03 23:00:00,2014-11-03 18:00:00,CPLE,1217.0,0.0,1217.0
2014-11-03 22:00:00,2014-11-03 17:00:00,2014-11-03 23:00:00,2014-11-03 18:00:00,CPLW,-149.0,0.0,-149.0
2014-11-03 22:00:00,2014-11-03 17:00:00,2014-11-03 23:00:00,2014-11-03 18:00:00,CWLP,-106.0,0.0,-106.0
2014-11-03 22:00:00,2014-11-03 17:00:00,2014-11-03 23:00:00,2014-11-03 18:00:00,DUK,433.0,708.0,-275.0
2014-11-03 22:00:00,2014-11-03 17:00:00,2014-11-03 23:00:00,2014-11-03 18:00:00,HUDS,0.0,0.0,0.0
2014-11-03 22:00:00,2014-11-03 17:00:00,2014-11-03 23:00:00,2014-11-03 18:00:00,IPL,-313.0,300.0,-613.0
2014-11-03 22:00:00,2014-11-03 17:00:00,2014-11-03 23:00:00,2014-11-03 18:00:00,LAGN,0.0,881.0,-881.0
2014-11-03 22:00:00,2014-11-03 17:00:00,2014-11-03 23:00:00,2014-11-03 18:00:00,LGEE,424.0,395.0,29.0
2014-11-03 22:00:00,2014-11-03 17:00:00,2014-11-03 23:00:00,2014-11-03 18:00:00,LIND,-143.0,-143.0,0.0
2014-11-03 22:00:00,2014-11-03 17:00:00,2014-11-03 23:00:00,2014-11-03 18:00:00,MEC,-341.0,-648.0,307.0
2014-11-03 22:00:00,2014-11-03 17:00:00,2014-11-03 23:00:00,2014-11-03 18:00:00,MECS,789.0,-100.0,889.0
2014-11-03 22:00:00,2014-11-03 17:00:00,2014-11-03 23:00:00,2014-11-03 18:00:00,NEPT,-672.0,-672.0,0.0
2014-11-03 22:00:00,2014-11-03 17:00:00,2014-11-03 23:00:00,2014-11-03 18:00:00,NIPS,-862.0,0.0,-862.0
2014-11-03 22:00:00,2014-11-03 17:00:00,2014-11-03 23:00:00,2014-11-03 18:00:00,NYIS,927.0,848.0,79.0
2014-11-03 22:00:00,2014-11-03 17:00:00,2014-11-03 23:00:00,2014-11-03 18:00:00,OVEC,1261.0,731.0,530.0
2014-11-03 22:00:00,2014-11-03 17:00:00,2014-11-03 23:00:00,2014-11-03 18:00:00,SIGE,36.0,0.0,36.0
2014-11-03 22:00:00,2014-11-03 17:00:00,2014-11-03 23:00:00,2014-11-03 18:00:00,TVA,1296.0,549.0,747.0
2014-11-03 22:00:00,2014-11-03 17:00:00,2014-11-03 23:00:00,2014-11-03 18:00:00,WEC,539.0,-90.0,629.0
2014-11-03 23:00:00,2014-11-03 18:00:00,2014-11-04 00:00:00,2014-11-03 19:00:00,ALTE,-960.0,-50.0,-910.0
2014-11-03 23:00:00,2014-11-03 18:00:00,2014-11-04 00:00:00,2014-11-03 19:00:00,ALTW,-503.0,0.0,-503.0
2014-11-03 23:00:00,2014-11-03 18:00:00,2014-11-04 00:00:00,2014-11-03 19:00:00,AMIL,1531.0,316.0,1215.0
2014-11-03 23:00:00,2014-11-03 18:00:00,2014-11-04 00:00:00,2014-11-03 19:00:00,CIN,-1247.0,579.0,-1826.0
2014-11-03 23:00:00,2014-11-03 18:00:00,2014-11-04 00:00:00,2014-11-03 19:00:00,CPLE,1012.0,0.0,1012.0
2014-11-03 23:00:00,2014-11-03 18:00:00,2014-11-04 00:00:00,2014-11-03 19:00:00,CPLW,-126.0,0.0,-126.0
2014-11-03 23:00:00,2014-11-03 18:00:00,2014-11-04 00:00:00,2014-11-03 19:00:00,CWLP,-115.0,0.0,-115.0
2014-11-03 23:00:00,2014-11-03 18:00:00,2014-11-04 00:00:00,2014-11-03 19:00:00,DUK,471.0,676.0,-205.0
2014-11-03 23:00:00,2014-11-03 18:00:00,2014-11-04 00:00:00,2014-11-03 19:00:00,HUDS,0.0,0.0,0.0
2014-11-03 23:00:00,2014-11-03 18:00:00,2014-11-04 00:00:00,2014-11-03 19:00:00,IPL,-364.0,300.0,-664.0
2014-11-03 23:00:00,2014-11-03 18:00:00,2014-11-04 00:00:00,2014-11-03 19:00:00,LAGN,0.0,1005.0,-1005.0
2014-11-03 23:00:00,2014-11-03 18:00:00,2014-11-04 00:00:00,2014-11-03 19:00:00,LGEE,441.0,295.0,146.0
2014-11-03 23:00:00,2014-11-03 18:00:00,2014-11-04 00:00:00,2014-11-03 19:00:00,LIND,298.0,298.0,0.0
2014-11-03 23:00:00,2014-11-03 18:00:00,2014-11-04 00:00:00,2014-11-03 19:00:00,MEC,-400.0,-648.0,248.0
2014-11-03 23:00:00,2014-11-03 18:00:00,2014-11-04 00:00:00,2014-11-03 19:00:00,MECS,1437.0,-100.0,1537.0
2014-11-03 23:00:00,2014-11-03 18:00:00,2014-11-04 00:00:00,2014-11-03 19:00:00,NEPT,-672.0,-672.0,0.0
2014-11-03 23:00:00,2014-11-03 18:00:00,2014-11-04 00:00:00,2014-11-03 19:00:00,NIPS,-969.0,0.0,-969.0
2014-11-03 23:00:00,2014-11-03 18:00:00,2014-11-04 00:00:00,2014-11-03 19:00:00,NYIS,841.0,907.0,-66.0
2014-11-03 23:00:00,2014-11-03 18:00:00,2014-11-04 00:00:00,2014-11-03 19:00:00,OVEC,1171.0,731.0,440.0
2014-11-03 23:00:00,2014-11-03 18:00:00,2014-11-04 00:00:00,2014-11-03 19:00:00,SIGE,42.0,0.0,42.0
2014-11-03 23:00:00,2014-11-03 18:00:00,2014-11-04 00:00:00,2014-11-03 19:00:00,TVA,1324.0,449.0,875.0
2014-11-03 23:00:00,2014-11-03 18:00:00,2014-11-04 00:00:00,2014-11-03 19:00:00,WEC,506.0,-90.0,596.0
2014-11-04 00:00:00,2014-11-03 19:00:00,2014-11-04 01:00:00,2014-11-03 20:00:00,ALTE,-924.0,-150.0,-774.0
2014-11-04 00:00:00,2014-11-03 19:00:00,2014-11-04 01:00:00,2014-11-03 20:00:00,ALTW,-479.0,0.0,-479.0
2014-11-04 00:00:00,2014-11-03 19:00:00,2014-11-04 01:00:00,2014-11-03 20:00:00,AMIL,1424.0,316.0,1108.0
2014-11-04 00:00:00,2014-11-03 19:00:00,2014-11-04 01:00:00,2014-11-03 20:00:00,CIN,-1338.0,479.0,-1817.0
2014-11-04 00:00:00,2014-11-03 19:00:00,2014-11-04 01:00:00,2014-11-03 20:00:00,CPLE,1058.0,0.0,1058.0
2014-11-04 00:00:00,2014-11-03 19:00:00,2014-11-04 01:00:00,2014-11-03 20:00:00,CPLW,-130.0,0.0,-130.0
2014-11-04 00:00:00,2014-11-03 19:00:00,2014-11-04 01:00:00,2014-11-03 20:00:00,CWLP,-100.0,0.0,-100.0
2014-11-04 00:00:00,2014-11-03 19:00:00,2014-11-04 01:00:00,2014-11-03 20:00:00,DUK,428.0,666.0,-238.0
2014-11-04 00:00:00,2014-11-03 19:00:00,2014-11-04 01:00:00,2014-11-03 20:00:00,HUDS,0.0,0.0,0.0
2014-11-04 00:00:00,2014-11-03 19:00:00,2014-11-04 01:00:00,2014-11-03 20:00:00,IPL,-381.0,175.0,-556.0
2014-11-04 00:00:00,2014-11-03 19:00:00,2014-11-04 01:00:00,2014-11-03 20:00:00,LAGN,0.0,909.0,-909.0
2014-11-04 00:00:00,2014-11-03 19:00:00,2014-11-04 01:00:00,2014-11-03 20:00:00,LGEE,434.0,295.0,139.0
2014-11-04 00:00:00,2014-11-03 19:00:00,2014-11-04 01:00:00,2014-11-03 20:00:00,LIND,281.0,281.0,0.0
2014-11-04 00:00:00,2014-11-03 19:00:00,2014-11-04 01:00:00,2014-11-03 20:00:00,MEC,-398.0,-648.0,250.0
2014-11-04 00:00:00,2014-11-03 19:00:00,2014-11-04 01:00:00,2014-11-03 20:00:00,MECS,1318.0,-200.0,1518.0
2014-11-04 00:00:00,2014-11-03 19:00:00,2014-11-04 01:00:00,2014-11-03 20:00:00,NEPT,-672.0,-672.0,0.0
2014-11-04 00:00:00,2014-11-03 19:00:00,2014-11-04 01:00:00,2014-11-03 20:00:00,NIPS,-1023.0,0.0,-1023.0
2014-11-04 00:00:00,2014-11-03 19:00:00,2014-11-04 01:00:00,2014-11-03 20:00:00,NYIS,853.0,918.0,-65.0
2014-11-04 00:00:00,2014-11-03 19:00:00,2014-11-04 01:00:00,2014-11-03 20:00:00,OVEC,1144.0,762.0,382.0
2014-11-04 00:00:00,2014-11-03 19:00:00,2014-11-04 01:00:00,2014-11-03 20:00:00,SIGE,48.0,0.0,48.0
2014-11-04 00:00:00,2014-11-03 19:00:00,2014-11-04 01:00:00,2014-11-03 20:00:00,TVA,1248.0,269.0,979.0
2014-11-04 00:00:00,2014-11-03 19:00:00,2014-11-04 01:00:00,2014-11-03 20:00:00,WEC,631.0,-90.0,721.0
2014-11-04 01:00:00,2014-11-03 20:00:00,2014-11-04 02:00:00,2014-11-03 21:00:00,ALTE,-931.0,0.0,-931.0
2014-11-04 01:00:00,2014-11-03 20:00:00,2014-11-04 02:00:00,2014-11-03 21:00:00,ALTW,-395.0,0.0,-395.0
2014-11-04 01:00:00,2014-11-03 20:00:00,2014-11-04 02:00:00,2014-11-03 21:00:00,AMIL,1588.0,316.0,1272.0
2014-11-04 01:00:00,2014-11-03 20:00:00,2014-11-04 02:00:00,2014-11-03 21:00:00,CIN,-1253.0,339.0,-1592.0
2014-11-04 01:00:00,2014-11-03 20:00:00,2014-11-04 02:00:00,2014-11-03 21:00:00,CPLE,1252.0,-50.0,1302.0
2014-11-04 01:00:00,2014-11-03 20:00:00,2014-11-04 02:00:00,2014-11-03 21:00:00,CPLW,-160.0,0.0,-160.0
2014-11-04 01:00:00,2014-11-03 20:00:00,2014-11-04 02:00:00,2014-11-03 21:00:00,CWLP,-99.0,0.0,-99.0
2014-11-04 01:00:00,2014-11-03 20:00:00,2014-11-04 02:00:00,2014-11-03 21:00:00,DUK,361.0,502.0,-141.0
2014-11-04 01:00:00,2014-11-03 20:00:00,2014-11-04 02:00:00,2014-11-03 21:00:00,HUDS,0.0,0.0,0.0
2014-11-04 01:00:00,2014-11-03 20:00:00,2014-11-04 02:00:00,2014-11-03 21:00:00,IPL,-312.0,70.0,-382.0
2014-11-04 01:00:00,2014-11-03 20:00:00,2014-11-04 02:00:00,2014-11-03 21:00:00,LAGN,0.0,972.0,-972.0
2014-11-04 01:00:00,2014-11-03 20:00:00,2014-11-04 02:00:00,2014-11-03 21:00:00,LGEE,457.0,351.0,106.0
2014-11-04 01:00:00,2014-11-03 20:00:00,2014-11-04 02:00:00,2014-11-03 21:00:00,LIND,144.0,144.0,0.0
2014-11-04 01:00:00,2014-11-03 20:00:00,2014-11-04 02:00:00,2014-11-03 21:00:00,MEC,-250.0,-648.0,398.0
2014-11-04 01:00:00,2014-11-03 20:00:00,2014-11-04 02:00:00,2014-11-03 21:00:00,MECS,37.0,-60.0,97.0
2014-11-04 01:00:00,2014-11-03 20:00:00,2014-11-04 02:00:00,2014-11-03 21:00:00,NEPT,-672.0,-672.0,0.0
2014-11-04 01:00:00,2014-11-03 20:00:00,2014-11-04 02:00:00,2014-11-03 21:00:00,NIPS,-997.0,0.0,-997.0
2014-11-04 01:00:00,2014-11-03 20:00:00,2014-11-04 02:00:00,2014-11-03 21:00:00,NYIS,814.0,907.0,-93.0
2014-11-04 01:00:00,2014-11-03 20:00:00,2014-11-04 02:00:00,2014-11-03 21:00:00,OVEC,1280.0,762.0,518.0
2014-11-04 01:00:00,2014-11-03 20:00:00,2014-11-04 02:00:00,2014-11-03 21:00:00,SIGE,47.0,0.0,47.0
2014-11-04 01:00:00,2014-11-03 20:00:00,2014-11-04 02:00:00,2014-11-03 21:00:00,TVA,1292.0,269.0,1023.0
2014-11-04 01:00:00,2014-11-03 20:00:00,2014-11-04 02:00:00,2014-11-03 21:00:00,WEC,806.0,-90.0,896.0
2014-11-04 02:00:00,2014-11-03 21:00:00,2014-11-04 03:00:00,2014-11-03 22:00:00,ALTE,-907.0,-100.0,-807.0
2014-11-04 02:00:00,2014-11-03 21:00:00,2014-11-04 03:00:00,2014-11-03 22:00:00,ALTW,-392.0,0.0,-392.0
2014-11-04 02:00:00,2014-11-03 21:00:00,2014-11-04 03:00:00,2014-11-03 22:00:00,AMIL,1603.0,316.0,1287.0
2014-11-04 02:00:00,2014-11-03 21:00:00,2014-11-04 03:00:00,2014-11-03 22:00:00,CIN,-1423.0,250.0,-1673.0
2014-11-04 02:00:00,2014-11-03 21:00:00,2014-11-04 03:00:00,2014-11-03 22:00:00,CPLE,1076.0,-50.0,1126.0
2014-11-04 02:00:00,2014-11-03 21:00:00,2014-11-04 03:00:00,2014-11-03 22:00:00,CPLW,-194.0,0.0,-194.0
2014-11-04 02:00:00,2014-11-03 21:00:00,2014-11-04 03:00:00,2014-11-03 22:00:00,CWLP,-72.0,0.0,-72.0
2014-11-04 02:00:00,2014-11-03 21:00:00,2014-11-04 03:00:00,2014-11-03 22:00:00,DUK,227.0,151.0,76.0
2014-11-04 02:00:00,2014-11-03 21:00:00,2014-11-04 03:00:00,2014-11-03 22:00:00,HUDS,0.0,0.0,0.0
2014-11-04 02:00:00,2014-11-03 21:00:00,2014-11-04 03:00:00,2014-11-03 22:00:00,IPL,-387.0,-75.0,-312.0
2014-11-04 02:00:00,2014-11-03 21:00:00,2014-11-04 03:00:00,2014-11-03 22:00:00,LAGN,0.0,1037.0,-1037.0
2014-11-04 02:00:00,2014-11-03 21:00:00,2014-11-04 03:00:00,2014-11-03 22:00:00,LGEE,415.0,351.0,64.0
2014-11-04 02:00:00,2014-11-03 21:00:00,2014-11-04 03:00:00,2014-11-03 22:00:00,LIND,277.0,277.0,0.0
2014-11-04 02:00:00,2014-11-03 21:00:00,2014-11-04 03:00:00,2014-11-03 22:00:00,MEC,-302.0,-648.0,346.0
2014-11-04 02:00:00,2014-11-03 21:00:00,2014-11-04 03:00:00,2014-11-03 22:00:00,MECS,-28.0,-300.0,272.0
2014-11-04 02:00:00,2014-11-03 21:00:00,2014-11-04 03:00:00,2014-11-03 22:00:00,NEPT,-672.0,-672.0,0.0
2014-11-04 02:00:00,2014-11-03 21:00:00,2014-11-04 03:00:00,2014-11-03 22:00:00,NIPS,-982.0,0.0,-982.0
2014-11-04 02:00:00,2014-11-03 21:00:00,2014-11-04 03:00:00,2014-11-03 22:00:00,NYIS,777.0,764.0,13.0
2014-11-04 02:00:00,2014-11-03 21:00:00,2014-11-04 03:00:00,2014-11-03 22:00:00,OVEC,1189.0,762.0,427.0
2014-11-04 02:00:00,2014-11-03 21:00:00,2014-11-04 03:00:00,2014-11-03 22:00:00,SIGE,48.0,0.0,48.0
2014-11-04 02:00:00,2014-11-03 21:00:00,2014-11-04 03:00:00,2014-11-03 22:00:00,TVA,1131.0,229.0,902.0
2014-11-04 02:00:00,2014-11-03 21:00:00,2014-11-04 03:00:00,2014-11-03 22:00:00,WEC,860.0,-90.0,950.0
2014-11-04 03:00:00,2014-11-03 22:00:00,2014-11-04 04:00:00,2014-11-03 23:00:00,ALTE,-1205.0,-200.0,-1005.0
2014-11-04 03:00:00,2014-11-03 22:00:00,2014-11-04 04:00:00,2014-11-03 23:00:00,ALTW,-394.0,0.0,-394.0
2014-11-04 03:00:00,2014-11-03 22:00:00,2014-11-04 04:00:00,2014-11-03 23:00:00,AMIL,1593.0,316.0,1277.0
2014-11-04 03:00:00,2014-11-03 22:00:00,2014-11-04 04:00:00,2014-11-03 23:00:00,CIN,-1354.0,-200.0,-1154.0
2014-11-04 03:00:00,2014-11-03 22:00:00,2014-11-04 04:00:00,2014-11-03 23:00:00,CPLE,982.0,0.0,982.0
2014-11-04 03:00:00,2014-11-03 22:00:00,2014-11-04 04:00:00,2014-11-03 23:00:00,CPLW,-215.0,0.0,-215.0
2014-11-04 03:00:00,2014-11-03 22:00:00,2014-11-04 04:00:00,2014-11-03 23:00:00,CWLP,-60.0,0.0,-60.0
2014-11-04 03:00:00,2014-11-03 22:00:00,2014-11-04 04:00:00,2014-11-03 23:00:00,DUK,119.0,151.0,-32.0
2014-11-04 03:00:00,2014-11-03 22:00:00,2014-11-04 04:00:00,2014-11-03 23:00:00,HUDS,0.0,0.0,0.0
2014-11-04 03:00:00,2014-11-03 22:00:00,2014-11-04 04:00:00,2014-11-03 23:00:00,IPL,-325.0,-31.0,-294.0
2014-11-04 03:00:00,2014-11-03 22:00:00,2014-11-04 04:00:00,2014-11-03 23:00:00,LAGN,0.0,966.0,-966.0
2014-11-04 03:00:00,2014-11-03 22:00:00,2014-11-04 04:00:00,2014-11-03 23:00:00,LGEE,358.0,304.0,54.0
2014-11-04 03:00:00,2014-11-03 22:00:00,2014-11-04 04:00:00,2014-11-03 23:00:00,LIND,120.0,120.0,0.0
2014-11-04 03:00:00,2014-11-03 22:00:00,2014-11-04 04:00:00,2014-11-03 23:00:00,MEC,-319.0,-648.0,329.0
2014-11-04 03:00:00,2014-11-03 22:00:00,2014-11-04 04:00:00,2014-11-03 23:00:00,MECS,100.0,-555.0,655.0
2014-11-04 03:00:00,2014-11-03 22:00:00,2014-11-04 04:00:00,2014-11-03 23:00:00,NEPT,-672.0,-672.0,0.0
2014-11-04 03:00:00,2014-11-03 22:00:00,2014-11-04 04:00:00,2014-11-03 23:00:00,NIPS,-879.0,0.0,-879.0
2014-11-04 03:00:00,2014-11-03 22:00:00,2014-11-04 04:00:00,2014-11-03 23:00:00,NYIS,763.0,653.0,110.0
2014-11-04 03:00:00,2014-11-03 22:00:00,2014-11-04 04:00:00,2014-11-03 23:00:00,OVEC,1122.0,762.0,360.0
2014-11-04 03:00:00,2014-11-03 22:00:00,2014-11-04 04:00:00,2014-11-03 23:00:00,SIGE,48.0,0.0,48.0
2014-11-04 03:00:00,2014-11-03 22:00:00,2014-11-04 04:00:00,2014-11-03 23:00:00,TVA,890.0,8.0,882.0
2014-11-04 03:00:00,2014-11-03 22:00:00,2014-11-04 04:00:00,2014-11-03 23:00:00,WEC,252.0,-90.0,342.0
2014-11-04 04:00:00,2014-11-03 23:00:00,2014-11-04 05:00:00,2014-11-04 00:00:00,ALTE,-1191.0,-75.0,-1116.0
2014-11-04 04:00:00,2014-11-03 23:00:00,2014-11-04 05:00:00,2014-11-04 00:00:00,ALTW,-355.0,0.0,-355.0
2014-11-04 04:00:00,2014-11-03 23:00:00,2014-11-04 05:00:00,2014-11-04 00:00:00,AMIL,1438.0,116.0,1322.0
2014-11-04 04:00:00,2014-11-03 23:00:00,2014-11-04 05:00:00,2014-11-04 00:00:00,CIN,-1275.0,200.0,-1475.0
2014-11-04 04:00:00,2014-11-03 23:00:00,2014-11-04 05:00:00,2014-11-04 00:00:00,CPLE,800.0,-75.0,875.0
2014-11-04 04:00:00,2014-11-03 23:00:00,2014-11-04 05:00:00,2014-11-04 00:00:00,CPLW,-228.0,0.0,-228.0
2014-11-04 04:00:00,2014-11-03 23:00:00,2014-11-04 05:00:00,2014-11-04 00:00:00,CWLP,-62.0,0.0,-62.0
2014-11-04 04:00:00,2014-11-03 23:00:00,2014-11-04 05:00:00,2014-11-04 00:00:00,DUK,61.0,275.0,-214.0
2014-11-04 04:00:00,2014-11-03 23:00:00,2014-11-04 05:00:00,2014-11-04 00:00:00,HUDS,0.0,0.0,0.0
2014-11-04 04:00:00,2014-11-03 23:00:00,2014-11-04 05:00:00,2014-11-04 00:00:00,IPL,-254.0,-131.0,-123.0
2014-11-04 04:00:00,2014-11-03 23:00:00,2014-11-04 05:00:00,2014-11-04 00:00:00,LAGN,0.0,884.0,-884.0
2014-11-04 04:00:00,2014-11-03 23:00:00,2014-11-04 05:00:00,2014-11-04 00:00:00,LGEE,309.0,304.0,5.0
2014-11-04 04:00:00,2014-11-03 23:00:00,2014-11-04 05:00:00,2014-11-04 00:00:00,LIND,-127.0,-127.0,0.0
2014-11-04 04:00:00,2014-11-03 23:00:00,2014-11-04 05:00:00,2014-11-04 00:00:00,MEC,-416.0,-648.0,232.0
2014-11-04 04:00:00,2014-11-03 23:00:00,2014-11-04 05:00:00,2014-11-04 00:00:00,MECS,26.0,-1029.0,1055.0
2014-11-04 04:00:00,2014-11-03 23:00:00,2014-11-04 05:00:00,2014-11-04 00:00:00,NEPT,-669.0,-669.0,0.0
2014-11-04 04:00:00,2014-11-03 23:00:00,2014-11-04 05:00:00,2014-11-04 00:00:00,NIPS,-781.0,0.0,-781.0
2014-11-04 04:00:00,2014-11-03 23:00:00,2014-11-04 05:00:00,2014-11-04 00:00:00,NYIS,718.0,547.0,171.0
2014-11-04 04:00:00,2014-11-03 23:00:00,2014-11-04 05:00:00,2014-11-04 00:00:00,OVEC,1026.0,657.0,369.0
2014-11-04 04:00:00,2014-11-03 23:00:00,2014-11-04 05:00:00,2014-11-04 00:00:00,SIGE,48.0,0.0,48.0
2014-11-04 04:00:00,2014-11-03 23:00:00,2014-11-04 05:00:00,2014-11-04 00:00:00,TVA,835.0,0.0,835.0
2014-11-04 04:00:00,2014-11-03 23:00:00,2014-11-04 05:00:00,2014-11-04 00:00:00,WEC,45.0,-90.0,135.0
